<?xml version="1.0" encoding="UTF-8" standalone="yes"?>
<addon id="script.ipcheck" name="IP Check" version="0.0.1" provider-name="legostax">
	<requires>
		<import addon="xbmc.python" version="2.25.0"/>
	</requires>
	<extension point="xbmc.python.script" library="default.py">

	</extension>
	<extension point="xbmc.addon.metadata">
		<platform>all</platform>
		<summary lang="en">External IP Address Checker</summary>
		<description lang="en">Test if your VPN is working by checking your IP address.</description>
		<license>MIT License</license>
		<language></language>
		<forum></forum>
		<source>https://github.com/legostax/ipcheck</source>
		<website>https://kodi.tv</website>
		<email></email>
		<assets>
			<icon>resources/icon.png</icon>
			<fanart>resources/fanart.jpg</fanart>
		</assets>
		<news>This is the first version of this addon.</news>
	</extension>
</addon>
